{"cameraMode":{"drawMode":0,"name":"Shaded","section":"Shading Mode"},"sceneLighting":false,"audioPlay":false,"sceneViewState":{"m_AlwaysRefresh":false,"showFog":true,"showSkybox":false,"showFlares":true,"showImageEffects":true,"showParticleSystems":true,"showVisualEffectGraphs":true,"m_FxEnabled":true},"in2DMode":false,"pivot":{"x":0.35935327410697939,"y":0.3214614689350128,"z":0.02106870710849762},"rotation":{"x":0.14414790272712708,"y":-0.22296486794948579,"z":0.03336157649755478,"w":0.9635493755340576},"size":1.0285992622375489,"orthographic":true}