{"cameraMode":{"drawMode":0,"name":"Shaded","section":"Shading Mode"},"sceneLighting":false,"audioPlay":false,"sceneViewState":{"m_AlwaysRefresh":false,"showFog":true,"showSkybox":false,"showFlares":true,"showImageEffects":true,"showParticleSystems":true,"showVisualEffectGraphs":true,"m_FxEnabled":true},"in2DMode":false,"pivot":{"x":0.4862098693847656,"y":0.14036667346954347,"z":-0.43970584869384768},"rotation":{"x":-0.16576822102069856,"y":-0.6365668773651123,"z":0.14268314838409425,"w":-0.7395598888397217},"size":1.2247449159622193,"orthographic":true}