{"cameraMode":{"drawMode":0,"name":"Shaded","section":"Shading Mode"},"sceneLighting":false,"audioPlay":false,"sceneViewState":{"m_AlwaysRefresh":false,"showFog":true,"showSkybox":false,"showFlares":true,"showImageEffects":true,"showParticleSystems":true,"showVisualEffectGraphs":true,"m_FxEnabled":true},"in2DMode":false,"pivot":{"x":0.9994956254959106,"y":0.9023644924163818,"z":7.450580596923828e-8},"rotation":{"x":-0.10454817861318588,"y":0.48363256454467776,"z":-0.05831627920269966,"w":-0.8670490980148315},"size":0.8589966893196106,"orthographic":true}