{"cameraMode":{"drawMode":0,"name":"Shaded","section":"Shading Mode"},"sceneLighting":false,"audioPlay":false,"sceneViewState":{"m_AlwaysRefresh":false,"showFog":true,"showSkybox":false,"showFlares":true,"showImageEffects":true,"showParticleSystems":true,"showVisualEffectGraphs":true,"m_FxEnabled":true},"in2DMode":false,"pivot":{"x":3.112407684326172,"y":-3.022674083709717,"z":-2.1504878997802736},"rotation":{"x":0.02632196806371212,"y":0.22216811776161195,"z":0.005997104570269585,"w":-0.9746430516242981},"size":3.1031205654144289,"orthographic":true}